country,indicator,2000,2001,2002,2003,2004,2005,2006,2007,2008,2009,2010,2011,2012,2013,2014,2015,2016,2017
ABW,Urban population,42444,43048,43670,44246,44669,44889,44881,44686,44375,44052,43778,43822,44064,44360,44674,44979,45275,45572
ABW,Total population,90853,92898,94992,97017,98737,100031,100832,101220,101353,101453,101669,102053,102577,103187,103795,104341,104822,105264
AFG,Urban population,4436299,4648055,4892951,5155686,5426770,5691823,5931413,6151939,6364968,6588859,6837008,7114615,7416385,7733964,8054214,8367663,8670939,8971345
AFG,Total population,20093756,20966463,21979923,23064851,24118979,25070798,25893450,26616792,27294031,28004331,28803167,29708599,30696958,31731688,32758020,33736494,34656032,35530081
AGO,Urban population,8234766,8708000,9218787,9765197,10343506,10949424,11501748,12078709,12681825,13311900,13970768,14659013,15375909,16119491,16887478,17675615,18483548,19311773
AGO,Total population,16440924,16983266,17572649,18203369,18865716,19552542,20262399,20997687,21759420,22549547,23369131,24218565,25096150,25998340,26920466,27859305,28813463,29784193
ALB,Urban population,1289391,1298584,1327220,1354848,1381828,1407298,1430886,1452398,1473392,1495260,1519519,1546929,1575788,1603505,1630119,1654503,1680247,1706345
ALB,Total population,3089027,3060173,3051010,3039616,3026939,3011487,2992547,2970017,2947314,2927519,2913021,2905195,2900401,2895092,2889104,2880703,2876101,2873457
AND,Urban population,60417,61991,64194,66747,69192,71205,72736,73843,74640,75097,75007,74309,73059,71527,70066,68921,68199,67845
AND,Total population,65390,67341,70049,73182,76244,78867,80991,82683,83861,84462,84449,83751,82431,80788,79223,78014,77281,76965
ARB,Urban population,149981223,153924351,157985738,162267754,166820459,171813698,177187320,182461557,188436906,194562734,200779074,206785185,212686294,218605128,224499427,230602125,236606830,242542106
ARB,Total population,283832016,289850357,296026575,302434519,309162029,316264728,323773264,331653797,339825483,348145094,356508908,364895878,373306993,381702086,390043028,398304960,406452690,414491886
ARE,Urban population,2531386,2682611,2843208,3048627,3346830,3767239,4332435,5017966,5748932,6419991,6954570,7321564,7543045,7661268,7744253,7842857,7968622,8107437
ARE,Total population,3154925,3326032,3507232,3741932,4087931,4579562,5242032,6044067,6894278,7666393,8270684,8672475,8900453,9006263,9070867,9154302,9269612,9400145
ARG,Urban population,33033754,33472924,33914775,34358150,34801606,35243074,35682119,36119493,36558177,37001390,37451491,37903594,38358970,38817256,39275219,39728558,40176085,40618237
ARG,Total population,37057452,37471509,37889370,38309379,38728696,39145488,39558890,39970224,40382389,40799407,41223889,41656879,42096739,42539925,42981515,43417765,43847430,44271041
ARM,Urban population,1984980,1964164,1948854,1935530,1921532,1906157,1888677,1869501,1850791,1835406,1825366,1821393,1822527,1827656,1834174,1840158,1845032,1849202
ARM,Total population,3069588,3050655,3033897,3017806,3000612,2981259,2958500,2933056,2908220,2888584,2877311,2875581,2881922,2893509,2906220,2916950,2924816,2930450
ASM,Urban population,50956,51480,51915,52199,52270,52083,51612,50897,50072,49309,48735,48406,48282,48310,48390,48449,48481,48502
ASM,Total population,57521,58175,58731,59117,59264,59118,58650,57903,57030,56227,55637,55320,55230,55307,55437,55537,55599,55641
ATG,Urban population,26853,26997,26827,26593,26333,26078,25832,25589,25344,25097,24837,24603,24703,24798,24892,24981,25085,25210
ATG,Total population,83584,85057,86266,87293,88257,89253,90301,91381,92478,93581,94661,95719,96777,97824,98875,99923,100963,102012
AUS,Urban population,16133530,16326333,16550802,16780377,17000206,17250330,17531121,17666387,18049708,18451611,18767085,19056040,19422528,19790208,20120012,20440360,20772874,21131467
AUS,Total population,19153000,19413000,19651400,19895400,20127400,20394800,20697900,20827600,21249200,21691700,22031750,22340024,22742475,23145901,23504138,23850784,24210809,24598933
AUT,Urban population,4824004,4820068,4821291,4822095,4829142,4839033,4839801,4832038,4823638,4812679,4800510,4792887,4817487,4861991,4916377,4988134,5058968,5117624
AUT,Total population,8011566,8042293,8081957,8121423,8171966,8227829,8268641,8295487,8321496,8343323,8363404,8391643,8429991,8479823,8546356,8642699,8736668,8809212
AZE,Urban population,4135854,4184325,4232008,4280744,4335079,4396406,4461940,4530068,4643726,4759039,4835557,4920166,5008847,5098727,5189181,5279540,5368846,5458164
AZE,Total population,8048600,8111200,8171950,8234100,8306500,8391850,8484550,8581300,8763400,8947243,9054332,9173082,9295784,9416801,9535079,9649341,9757812,9862429
BDI,Urban population,527802,554689,585303,619383,656404,695933,738137,783159,830917,880822,932977,987099,1043248,1102293,1164857,1231868,1303728,1380411
BDI,Total population,6400706,6555829,6741569,6953113,7182451,7423289,7675338,7939573,8212264,8489031,8766930,9043508,9319710,9600186,9891790,10199270,10524117,10864245
BEL,Urban population,9956937,9997106,10047703,10095562,10144977,10206487,10279407,10360589,10448114,10537701,10639649,10793425,10877193,10935565,10966157,11034732,11095615,11140192
BEL,Total population,10251250,10286570,10332785,10376133,10421137,10478617,10547958,10625700,10709973,10796493,10895586,11047744,11128246,11182817,11209057,11274196,11331422,11372068
BEN,Urban population,2631925,2735157,2847830,2973327,3103024,3236233,3372954,3513642,3658706,3808656,3964237,4125667,4292992,4466187,4646096,4832681,5026155,5226648
BEN,Total population,6865951,7076733,7295394,7520555,7750004,7982225,8216896,8454791,8696916,8944706,9199259,9460802,9729160,10004451,10286712,10575952,10872298,11175692
BFA,Urban population,2071321,2214526,2367405,2530418,2704755,2890681,3089300,3277395,3457080,3645825,3844033,4051997,4269905,4497980,4736607,4985855,5245987,5516754
BFA,Total population,11607942,11944587,12293100,12654621,13030569,13421930,13829177,14252021,14689726,15141099,15605217,16081904,16571216,17072723,17585977,18110624,18646433,19193382
BGD,Urban population,31040015,32314461,33816861,35351142,36901038,38452444,40000914,41547693,43106068,44698589,46347659,48058996,49821756,51623507,53456560,55304800,57168296,59047279
BGD,Total population,131581243,134107160,136600667,139019001,141307489,143431101,145368004,147139191,148805814,150454708,152149102,153911916,155727053,157571292,159405279,161200886,162951560,164669751
BGR,Urban population,5629167,5539603,5448708,5433321,5419782,5406009,5391557,5378166,5366322,5357245,5347166,5337678,5331472,5326274,5320503,5310996,5298039,5283572
BGR,Total population,8170172,8009142,7837161,7775327,7716860,7658972,7601022,7545338,7492561,7444443,7395599,7348328,7305888,7265115,7223938,7177991,7127822,7075991
BHR,Urban population,587333,616417,649672,688248,733577,786220,847736,916639,986747,1049687,1099826,1133761,1154099,1168545,1188257,1220937,1269685,1331176
BHR,Total population,664614,697549,735148,778711,829848,889168,958414,1035891,1114590,1185029,1240862,1278269,1300217,1315411,1336397,1371855,1425171,1492584
BHS,Urban population,244291,248719,253793,259335,265039,270702,276254,281743,287110,292348,297423,302331,307051,311585,315931,320093,324065,327853
BHS,Total population,297890,303135,309157,315746,322526,329249,335830,342328,348676,354856,360832,366568,372039,377240,382169,386838,391232,395361
BIH,Urban population,1596481,1610263,1624126,1637548,1650456,1662550,1673624,1683242,1690609,1694907,1695707,1692377,1685432,1677009,1670315,1668019,1671121,1679019
BIH,Total population,3766706,3771284,3775807,3779247,3781287,3781530,3779468,3774000,3763599,3746561,3722084,3688865,3648200,3604999,3566002,3535961,3516816,3507017
BLR,Urban population,6983033,6995457,6998521,6996348,6994710,6992229,6993921,7005597,7024602,7051358,7086808,7122689,7164339,7212995,7266287,7324181,7378986,7428883
BLR,Total population,9979610,9928549,9865548,9796749,9730146,9663915,9604924,9560953,9527985,9506765,9490583,9473172,9464495,9465997,9474511,9489616,9501534,9507875
BLZ,Urban population,112276,115714,118947,122042,125151,128361,131697,135116,138576,142037,145457,148887,152344,155852,159440,163138,166946,170858
BLZ,Total population,247315,254984,262206,269130,276089,283277,290747,298407,306165,313929,321608,329192,336701,344181,351694,359288,366954,374681
BMU,Urban population,61833,62504,62912,63325,63740,64154,64523,64888,65273,65636,65124,64564,64798,65001,65139,65239,65341,65441
BMU,Total population,61833,62504,62912,63325,63740,64154,64523,64888,65273,65636,65124,64564,64798,65001,65139,65239,65341,65441
BOL,Urban population,5152734,5293751,5432830,5572414,5713437,5855775,5999633,6144681,6291265,6439212,6588688,6739791,6892386,7040875,7187232,7334947,7484112,7634445
BOL,Total population,8339512,8496375,8653345,8810420,8967741,9125409,9283334,9441444,9599855,9758748,9918242,10078343,10239004,10400264,10562159,10724705,10887882,11051600
BRA,Urban population,142319498,144961004,147507656,150005801,152448023,154831127,157150590,159407908,161618007,163798391,165968133,168150531,170322404,172470371,174585892,176653700,178668678,180634620
BRA,Total population,175287587,177750670,180151021,182482149,184738458,186917361,189012412,191026637,192979029,194895996,196796269,198686688,200560983,202408632,204213133,205962108,207652865,209288278
BRB,Urban population,91281,91029,90758,90482,90221,89987,89789,89613,89452,89286,89099,88951,88849,88790,88779,88815,88899,89027
BRB,Total population,269847,270685,271478,272258,273091,274009,275039,276150,277319,278470,279569,280601,281585,282509,283385,284217,284996,285719
BRN,Urban population,237148,243701,249904,255928,261711,267161,272241,276995,281602,286325,291345,296731,302433,308332,314262,320100,325819,331434
BRN,Total population,333241,340117,346867,353389,359523,365158,370250,374864,379252,383772,388662,394013,399748,405716,411704,417542,423196,428697
BTN,Urban population,145751,156126,167184,178851,191028,203328,213177,223048,232968,242987,253168,263510,273862,284175,294414,304545,314543,324393
BTN,Total population,573416,589600,606399,623434,640282,656639,672228,686958,700950,714458,727641,740510,752967,764961,776448,787386,797765,807610
BWA,Urban population,919805,948753,971320,992910,1015059,1038238,1062710,1108982,1156989,1206481,1257518,1310088,1353208,1395705,1439239,1483586,1528669,1574371
BWA,Total population,1728340,1754935,1779953,1804339,1829330,1855852,1884238,1914414,1946351,1979882,2014866,2051339,2089315,2128507,2168573,2209197,2250260,2291661
CAF,Urban population,1413339,1445507,1477155,1508414,1539535,1571454,1604777,1639299,1673234,1704173,1730654,1751742,1768685,1784697,1804305,1831033,1866243,1909291
CAF,Total population,3754986,3832203,3907612,3981665,4055036,4127910,4201758,4275800,4345386,4404230,4448525,4476153,4490416,4499653,4515392,4546100,4594621,4659080
CAN,Urban population,24455142,24806464,25054475,25330347,25610398,25889021,26125779,26440579,26788779,27157761,27522849,27850621,28195550,28535991,28861099,29117142,29483123,29862026
CAN,Total population,30769700,31081900,31362000,31676000,31995000,32312000,32570505,32887928,33245773,33628571,34005274,34342780,34750545,35152370,35535348,35832513,36264604,36708083
CEB,Urban population,66646986,66281321,65914054,65756521,65624341,65502331,65399402,65236903,65090350,65029799,64835999,64654506,64524893,64402919,64285250,64165073,64046495,63944841
CEB,Total population,108405522,107800399,107097577,106760768,106466116,106173766,105901322,105504531,105126686,104924372,104543801,104174038,103935318,103713726,103496179,103257751,102994343,102727102
CHE,Urban population,5272018,5304905,5347082,5388808,5427827,5464643,5500991,5552336,5625324,5697988,5759681,5825978,5889928,5959745,6034707,6105617,6174416,6244619
CHE,Total population,7184250,7229854,7284753,7339001,7389625,7437115,7483934,7551117,7647675,7743831,7824909,7912398,7996861,8089346,8188649,8282396,8373338,8466017
CHI,Urban population,45309,45679,46111,46553,46994,47435,47874,48311,48738,49154,49556,49900,50116,50320,50512,50703,50893,51105
CHI,Total population,148725,149793,150901,152038,153170,154294,155411,156513,157581,158603,159581,160497,161358,162180,162969,163758,164541,165314
CHL,Urban population,13137110,13338739,13531005,13692673,13853259,14012907,14172434,14331276,14489058,14644476,14796793,14946063,15092194,15235753,15377374,15517478,15657065,15796080
CHL,Total population,15262754,15444969,15623635,15799542,15973778,16147064,16319792,16491687,16661942,16829442,16993354,17153357,17309746,17462982,17613798,17762681,17909754,18054726
CHN,Urban population,452999147,471767321,491993700,512473984,533257098,554367818,575118254,595670841,616481190,637407288,658498663,678933504,699187267,719587859,740239259,761027100,782199374,803554542
CHN,Total population,1262645000,1271850000,1280400000,1288400000,1296075000,1303720000,1311020000,1317885000,1324655000,1331260000,1337705000,1344130000,1350695000,1357380000,1364270000,1371220000,1378665000,1386395000
CIV,Urban population,7201085,7424053,7638315,7849457,8066046,8294243,8536666,8793084,9064809,9352149,9655950,9977720,10317769,10674090,11043516,11425753,11819761,12226576
CIV,Total population,16686561,17040152,17366517,17679355,17997738,18336303,18699435,19085941,19497986,19936366,20401331,20895311,21418603,21966312,22531350,23108472,23695919,24294750
CMR,Urban population,6956192,7230870,7517754,7817313,8130183,8456228,8796382,9150970,9519679,9901657,10296588,10704286,11124963,11558305,12004211,12462625,12933510,13416447
CMR,Total population,15274234,15671927,16084886,16513822,16959081,17420795,17899562,18395389,18907008,19432541,19970495,20520447,21082383,21655715,22239904,22834522,23439189,24053727
COD,Urban population,16534169,17222093,17968282,18770723,19622660,20521401,21469947,22473236,23531217,24646110,25817693,27048361,28337822,29686725,31096302,32566435,34098266,35691987
COD,Total population,47076387,48394338,49835756,51390033,53034217,54751476,56543011,58417562,60373608,62409435,64523263,66713597,68978682,71316033,73722860,76196619,78736153,81339988
COG,Urban population,1893340,1961498,2031259,2104173,2182480,2267682,2360787,2461018,2565809,2671331,2774847,2875151,2973183,3070683,3170356,3274298,3383093,3496242
COG,Total population,3225727,3315806,3407180,3502519,3605439,3718243,3842365,3976246,4115435,4253712,4386693,4512730,4633363,4751393,4871101,4995648,5125821,5260750
COL,Urban population,29881555,30487141,31094976,31703054,32308012,32907470,33500574,34086771,34665788,35237052,35799585,36352646,36896190,37429834,37953946,38469138,38975281,39471325
COL,Total population,40403958,40988909,41572491,42152151,42724163,43285634,43835722,44374572,44901544,45416181,45918097,46406646,46881475,47342981,47791911,48228697,48653419,49065615
COM,Urban population,152294,155849,159409,162990,166645,170491,174541,178800,183275,187979,192928,198122,203573,209274,215195,221333,227693,234276
COM,Total population,542357,555888,569479,583211,597228,611627,626425,641620,657229,673252,689692,706569,723868,741500,759385,777424,795601,813912
CPV,Urban population,232484,240898,249318,257669,265848,273773,281405,288764,295988,303227,310579,316638,322887,329316,335919,342663,349549,356578
CPV,Total population,435079,443716,452106,460147,467664,474567,480795,486438,491723,496963,502384,508067,513979,520106,526437,532913,539560,546388
CRI,Urban population,2318053,2414466,2509150,2602663,2695950,2789642,2884091,2978842,3073636,3167592,3260602,3352273,3441537,3528389,3612950,3695411,3775802,3853972
CRI,Total population,3925443,3996798,4063204,4125971,4187038,4247841,4308794,4369469,4429508,4488263,4545280,4600474,4654122,4706401,4757575,4807852,4857274,4905769
CSS,Urban population,3279191,3307687,3333780,3358856,3383689,3407636,3431272,3454616,3477771,3500788,3523916,3548373,3575587,3603348,3631659,3660298,3689283,3718586
CSS,Total population,6530691,6577216,6623792,6670276,6716373,6761932,6806838,6851221,6895315,6939534,6984096,7029022,7074129,7118888,7162679,7204948,7245472,7284294
CUB,Urban population,8399069,8451992,8501560,8540153,8567495,8591153,8610780,8626974,8642122,8659296,8680777,8707768,8739326,8767626,8792719,8813383,8828473,8840528
CUB,Total population,11150736,11186542,11217998,11244885,11266941,11284253,11296233,11303687,11309754,11318602,11333051,11354651,11382146,11412167,11439767,11461432,11475982,11484636
CUW,Urban population,121481,117447,117440,119730,121652,124627,127696,130064,131527,132200,133691,135409,136353,137738,139450,141158,142534,143629
CUW,Total population,133860,129047,129205,131897,134192,137658,141239,144056,145880,146833,148703,150831,152088,153822,155909,157980,159663,161014
CYM,Urban population,41687,43316,44738,46028,47299,48622,50031,51483,52926,54279,55507,56579,57523,58371,59172,59963,60765,61559
CYM,Total population,41687,43316,44738,46028,47299,48622,50031,51483,52926,54279,55507,56579,57523,58371,59172,59963,60765,61559
CYP,Urban population,647547,660376,671117,681117,691221,701562,712253,723133,733722,743343,751577,758206,763454,767977,772404,777233,782591,788365
CYP,Total population,943286,960282,976966,993563,1010410,1027658,1045509,1063712,1081563,1098076,1112607,1124835,1135062,1143896,1152309,1160985,1170125,1179551
CZE,Urban population,7587516,7547721,7526242,7517054,7512306,7515659,7528974,7565828,7621676,7657912,7673029,7681562,7693579,7705910,7723921,7748928,7773650,7803157
CZE,Total population,10255063,10216605,10196916,10193998,10197101,10211216,10238905,10298828,10384603,10443936,10474410,10496088,10510785,10514272,10525347,10546059,10566332,10591323
DEU,Urban population,61629857,61902439,62174878,62376854,62529997,62660267,62753557,62833410,62875807,62877220,62940432,61940177,62064608,62242278,62510392,63062064,63592936,63890984
DEU,Total population,82211508,82349925,82488495,82534176,82516260,82469422,82376451,82266372,82110097,81902307,81776930,80274983,80425823,80645605,80982500,81686611,82348669,82695000
DJI,Urban population,549181,561095,571784,581630,591290,601234,611543,622050,632828,643898,655374,667326,679728,692440,705230,717976,730572,743080
DJI,Total population,717584,732711,746221,758615,770752,783254,796208,809402,822934,836840,851146,865937,881185,896688,912164,927414,942333,956985
DMA,Urban population,45474,45552,45867,46257,46661,47038,47372,47681,47976,48293,48646,49047,49483,49943,50421,50905,51392,51881
DMA,Total population,69676,69670,69824,70093,70379,70627,70807,70950,71074,71229,71440,71718,72044,72400,72778,73162,73543,73925
DNK,Urban population,4544013,4563004,4582981,4601394,4624434,4652908,4681382,4712839,4751268,4785983,4815111,4844002,4872608,4901386,4932961,4974525,5020143,5063231
DNK,Total population,5339616,5358783,5375931,5390574,5404523,5419432,5437272,5461438,5493621,5523095,5547683,5570572,5591572,5614932,5643475,5683483,5728010,5769603
DOM,Urban population,5287676,5441357,5597107,5793621,6008252,6223348,6439046,6654948,6870839,7085727,7300061,7502974,7697655,7890792,8082219,8271738,8458974,8643423
DOM,Total population,8562622,8697126,8832285,8967760,9102998,9237566,9371338,9504353,9636520,9767758,9897985,10027095,10154950,10281296,10405844,10528394,10648791,10766998
DZA,Urban population,18684937,19180228,19677273,20182205,20703617,21248009,21818169,22414414,23041887,23700349,24393852,25124194,25888503,26674438,27465760,28248180,29016679,29770548
DZA,Total population,31183660,31592153,31995046,32403514,32831096,33288437,33777915,34300076,34860715,35465760,36117637,36819558,37565847,38338562,39113313,39871528,40606052,41318142
EAP,Urban population,664073348,689176075,715829827,742816690,770184805,797923609,825339475,852615905,880246454,908156366,936392810,963728742,990941521,1018394186,1046149814,1074049779,1102329225,1130785456
EAP,Total population,1815956211,1833033752,1849372898,1865072190,1880346879,1895491197,1910175419,1924328623,1938363936,1952308448,1966231608,1980303926,1994651365,2009173000,2023837097,2038410865,2053299126,2068308373
EAR,Urban population,950090388,975035044,1001105135,1027368716,1053989183,1081098593,1108703544,1136774096,1165447336,1194595188,1224286298,1253973362,1283851940,1314160768,1344915787,1376305694,1408011115,1440042043
EAR,Total population,2474600589,2518353223,2561812502,2605067367,2648271523,2691528375,2734859659,2778276175,2821797496,2865439651,2909410986,2953406021,2997066325,3040700765,3084236443,3127578757,3170657660,3213426923
EAS,Urban population,848057286,876145103,906114394,936103187,966248741,996571175,1026517034,1056100793,1086258603,1116335486,1146568343,1174957299,1203055489,1231298434,1259899255,1288659692,1317749124,1346926898
EAS,Total population,2047150745,2065521836,2082953527,2099545576,2115557365,2131363078,2147029631,2162104019,2177421759,2192352319,2207154641,2221934584,2237082761,2252311022,2267745366,2283108073,2298726779,2314364990
ECA,Urban population,249634480,249949071,250313293,251094688,252033945,253029880,254118707,255337759,256798931,258679388,260695300,262768674,264821742,267034276,269262153,271594488,273913813,276160380
ECA,Total population,392657969,392446165,392134307,392280391,392625999,393027492,393571334,394257705,395304586,397043992,399053204,401241932,403439691,405871230,408271623,410770813,413234935,415546194
ECS,Urban population,591367486,593579543,596398723,599778532,603398057,607088551,610810879,614869190,619180883,623493729,627617913,630663843,634754008,639273058,643845682,648554710,653269561,657747631
ECS,Total population,862304086,863615632,865196877,867457664,870030756,872661616,875343235,878465990,881965815,885591814,889016507,891098854,894679968,898881448,903123160,907426233,911686319,915545801
ECU,Urban population,7614917,7814347,7989382,8148652,8310324,8476150,8646848,8822155,9000831,9181312,9362557,9539119,9712539,9886352,10060468,10235206,10410089,10585047
ECU,Total population,12628596,12852755,13072060,13289601,13509647,13735233,13967480,14205453,14447562,14691275,14934690,15177355,15419666,15661547,15903112,16144368,16385068,16624858
EGY,Urban population,29917666,30515758,31133176,31764147,32399894,33035334,33665447,34263058,34857122,35492121,36182251,36935951,37712281,38521102,39331585,40122991,40889687,41660073
EGY,Total population,69905988,71226940,72590118,73981942,75381899,76778149,78159048,79537253,80953881,82465022,84107606,85897561,87813257,89807433,91812566,93778172,95688681,97553151
EMU,Urban population,234371050,235934889,237878108,239986941,242114379,244169602,246100106,248142079,250114876,251691335,253060539,253281356,254572987,256133423,257668071,259198842,260757269,262147461
EMU,Total population,321310787,322547880,324125338,325885964,327682507,329380413,330922791,332645166,334274730,335360887,336151474,335429120,336180504,337325526,338466271,339533474,340617355,341465149
ERI,Urban population,902044,960135,1024425,1093218,1163915,1234321,1303401,1371306,1439096,1490729,1544478,1600641,NA,NA,NA,NA,NA,NA
ERI,Total population,3392801,3497124,3614639,3738265,3858623,3969007,4066648,4153332,4232636,4310334,4390840,4474690,NA,NA,NA,NA,NA,NA
ESP,Urban population,30937864,31186430,31708814,32390830,33059302,33727737,34408810,35159317,35833174,36260460,36535850,36773882,36904876,36891840,36890017,36971015,37112875,37294880
ESP,Total population,40567864,40850412,41431558,42187645,42921895,43653155,44397319,45226803,45954106,46362946,46576897,46742697,46773055,46620045,46480882,46444832,46484062,46572028
EST,Urban population,969061,961159,953352,945646,938279,931205,924006,918084,913914,910446,906655,902194,899089,897846,897427,899949,902145,903958
EST,Total population,1396985,1388115,1379350,1370720,1362550,1354775,1346810,1340680,1337090,1334515,1331475,1327439,1322696,1317997,1314545,1315407,1315790,1315480
ETH,Urban population,9807603,10223839,10657765,11106662,11569768,12046152,12536471,13054026,13733826,14443888,15189225,15969792,16787864,17625395,18497740,19403333,20343419,21316856
ETH,Total population,66537331,68492257,70497192,72545144,74624405,76727083,78850689,81000409,83184892,85416253,87702670,90046756,92444183,94887724,97366774,99873033,102403196,104957438
EUU,Urban population,350372000,351911067,353966696,356413839,358965383,361524358,364017087,366592698,369134553,371358044,373294263,374095560,375945565,378062867,380217015,382403439,384606960,386642104
EUU,Total population,488178832,489155665,490390251,492200117,494162543,496115006,497973712,499916647,501808477,503317964,504421126,504015371,505117542,506621110,508193872,509717579,511218960,512461290
FCS,Urban population,119771182,123875528,128140380,132530498,137001273,141610283,146362028,150878807,156079317,161423274,166944308,172351025,177786633,183406410,189230422,195595843,202170983,208973446
FCS,Total population,337602457,346168747,355076801,364275678,373680882,383230416,392932365,402796842,412832401,423028631,433388814,443918286,454618893,465515402,476608101,487923553,499508468,511336623
FIN,Urban population,4253964,4273258,4290649,4307931,4327463,4349276,4372951,4398523,4426008,4454167,4492880,4543014,4593267,4629925,4651843,4669930,4686120,4702519
FIN,Total population,5176209,5188008,5200598,5213014,5228172,5246096,5266268,5288720,5313399,5338871,5363352,5388272,5413971,5438972,5461512,5479531,5495303,5511303
FJI,Urban population,388641,393267,397176,400842,404913,409848,415890,422891,431335,440109,448645,456807,464718,472460,480249,488237,496430,504745
FJI,Total population,811223,814218,815691,816628,818354,821817,827411,834812,843340,851967,859950,867086,873596,879715,885806,892149,898760,905502
FRA,Urban population,46214923,46709571,47206863,47699501,48209404,48730233,49228316,49690036,50127516,50547202,50961407,51373797,51791128,52228040,52650998,53044946,53432321,53815732
FRA,Total population,60912500,61357430,61805267,62244886,62704895,63179351,63621381,64016227,64374989,64707044,65027507,65342775,65659789,65998660,66316092,66593366,66859768,67118648
FRO,Urban population,17172,17668,18163,18573,18895,19208,19424,19544,19654,19761,19870,19972,20063,20163,20270,20388,20520,20659
FRO,Total population,47258,47526,47769,47974,48143,48285,48383,48448,48485,48517,48550,48608,48666,48747,48842,48965,49117,49290
FSM,Urban population,23990,23930,23889,23852,23799,23714,23593,23450,23310,23188,23104,23079,23106,23183,23298,23451,23638,23861
FSM,Total population,107432,107165,106983,106816,106577,106196,105684,105078,104478,103960,103616,103468,103503,103702,104015,104433,104937,105544
GAB,Urban population,971097,1005175,1040291,1076901,1115620,1156905,1200767,1247080,1296101,1348027,1402921,1461068,1522001,1583861,1644081,1700832,1753279,1801886
GAB,Total population,1231122,1262259,1294409,1328146,1364205,1403126,1444844,1489193,1536411,1586754,1640210,1697101,1756817,1817271,1875713,1930175,1979786,2025137
GBR,Urban population,46319551,46557334,46930583,47323791,47767769,48269624,48798541,49351705,49913475,50463084,51030310,51600299,52130415,52650556,53218629,53813373,54369540,54892898
GBR,Total population,58892514,59119673,59370479,59647577,59987905,60401206,60846820,61322463,61806995,62276270,62766365,63258918,63700300,64128226,64613160,65128861,65595565,66022273
GEO,Urban population,2325705,2298386,2284854,2272218,2259104,2246050,2233109,2219751,2207030,2193867,2180304,2166861,2153590,2140426,2126887,2135400,2151132,2164505
GEO,Total population,4418300,4386400,4357000,4301000,4245000,4190000,4136000,4082000,4030000,3978000,3926000,3875000,3825000,3776000,3727000,3717100,3719300,3717100
GHA,Urban population,8319609,8662230,9020827,9395501,9786022,10191094,10611790,11047966,11498112,11959326,12430823,12911096,13399971,13897120,14403132,14918445,15442902,15975849
GHA,Total population,18938762,19421605,19924522,20446782,20986536,21542009,22113425,22700212,23298640,23903831,24512104,25121796,25733049,26346251,26962563,27582821,28206728,28833629
GIB,Urban population,31180,31374,31544,31720,31896,32085,32296,32510,32732,32956,33189,33405,33623,33831,34038,34228,34408,34571
GIB,Total population,31180,31374,31544,31720,31896,32085,32296,32510,32732,32956,33189,33405,33623,33831,34038,34228,34408,34571
GIN,Urban population,2719110,2793972,2870954,2951036,3034691,3122395,3215318,3313948,3417579,3524929,3635261,3748206,3864467,3985324,4112567,4249086,4395595,4551859
GIN,Total population,8808546,8971139,9137345,9309848,9490229,9679745,9881428,10096727,10323142,10556524,10794170,11035170,11281469,11536615,11805509,12091533,12395924,12717176
GMB,Urban population,589659,619684,651518,684613,717300,751275,786528,823135,861181,900725,941884,984669,1029103,1075061,1122480,1171287,1221429,1272923
GMB,Total population,1231844,1270495,1311349,1354194,1398573,1444204,1491021,1539116,1588572,1639560,1692149,1746363,1802125,1859324,1917852,1977590,2038501,2100568
GNB,Urban population,450583,464188,478655,493958,510052,526886,544513,562969,582341,602670,624079,646570,670130,694626,719894,745799,772271,799328
GNB,Total population,1243229,1267512,1293523,1321202,1350345,1380838,1412669,1445958,1480841,1517448,1555880,1596154,1638139,1681495,1725744,1770526,1815698,1861283
GNQ,Urban population,301583,325204,350350,377222,406137,437275,470822,506719,544889,585086,627158,671026,716629,753680,791534,830013,868944,908248
GNQ,Total population,614323,639762,666407,694611,724817,757317,792217,829327,868418,909111,951104,994290,1038593,1083746,1129424,1175389,1221490,1267689
GRC,Urban population,7857551,7919906,7991509,8052786,8114802,8180275,8246206,8308341,8371303,8433780,8484693,8511794,8505100,8482139,8463623,8445266,8446960,8471034
GRC,Total population,10805808,10862132,10902022,10928070,10955141,10987314,11020362,11048473,11077841,11107017,11121341,11104899,11045011,10965211,10892413,10820883,10775971,10760421
GRD,Urban population,36276,36583,36667,36760,36855,36954,37059,37170,37287,37412,37542,37679,37835,38017,38224,38453,38711,38994
GRD,Total population,101619,101849,102100,102375,102656,102949,103259,103586,103930,104296,104677,105075,105481,105909,106360,106823,107317,107825
GRL,Urban population,45859,46122,46473,46739,46997,47175,47220,47213,47196,47360,48018,48217,48402,48322,48308,48298,48503,48629
GRL,Total population,56200,56350,56609,56765,56911,56935,56774,56555,56328,56323,56905,56890,56810,56483,56295,56114,56186,56171
GTM,Urban population,5281515,5445884,5616681,5789971,5965415,6143740,6324727,6508732,6696023,6886669,7081561,7280273,7482817,7690649,7903499,8121501,8344133,8571763
GTM,Total population,11650743,11924946,12208848,12500478,12796925,13096028,13397008,13700286,14006366,14316208,14630417,14948919,15271056,15596214,15923559,16252429,16582469,16913503
GUM,Urban population,144656,145817,146698,147360,147876,148313,148696,149041,149359,149690,150035,150398,150818,151336,152032,152953,154127,155523
GUM,Total population,155329,156401,157175,157714,158099,158402,158648,158855,159035,159231,159444,159678,159973,160375,160967,161797,162896,164229
GUY,Urban population,216152,215192,214422,212828,210944,208928,206755,204490,202288,200360,198838,197762,198816,200133,201643,203203,204786,206428
GUY,Total population,753301,752263,751884,751857,751652,750946,749601,747869,746314,745693,746556,749100,753091,758081,763393,768514,773303,777859
HIC,Urban population,859518816,869113572,879391085,889453922,899731528,910050181,920564660,931330403,942499672,952819425,962440569,969641813,977727775,985836091,994077832,1002282060,1010464096,1018301347
HIC,Total population,1115010208,1122635089,1130299527,1137953182,1145971873,1154156034,1162908282,1172156434,1181962982,1190790909,1198787232,1204631343,1212058100,1219556921,1227211897,1234714041,1242137612,1249066228
HKG,Urban population,6665000,6714300,6744100,6730800,6783500,6813200,6857100,6916300,6957800,6972800,7024200,7071600,7150100,7178900,7229500,7291300,7336600,7391700
HKG,Total population,6665000,6714300,6744100,6730800,6783500,6813200,6857100,6916300,6957800,6972800,7024200,7071600,7150100,7178900,7229500,7291300,7336600,7391700
HND,Urban population,2965809,3076399,3198917,3324676,3452734,3582381,3713765,3846663,3980888,4115940,4251861,4388181,4525174,4662910,4802256,4943241,5086164,5230779
HND,Total population,6524283,6693061,6863157,7033821,7204153,7373430,7541406,7707972,7872658,8035021,8194778,8351600,8505646,8657785,8809216,8960829,9112867,9265067
HPC,Urban population,136231858,141715673,147501715,153598154,159901987,166510045,173377325,180113976,187789149,195777330,204118768,212822042,221748192,231006836,240622285,250604184,260956155,271690600
HPC,Total population,474935556,488553040,502710676,517352559,532385197,547744433,563415107,579434057,595849807,612731524,630127436,648053253,666488623,685401960,704745420,724482652,744602976,765112280
HRV,Urban population,2364723,2381705,2389164,2396668,2403585,2412672,2419045,2424318,2430953,2435417,2436627,2368126,2368751,2370674,2370234,2360534,2354458,2337910
HRV,Total population,4426000,4440000,4440000,4440000,4439000,4442000,4440000,4436000,4434508,4429078,4417781,4280622,4267558,4255689,4238389,4203604,4174349,4125700
HTI,Urban population,3043515,3238068,3439803,3648520,3800782,3949730,4102900,4259888,4420738,4584343,4750718,4919540,5090792,5263874,5438899,5615488,5792042,5967859
HTI,Total population,8549200,8692567,8834733,8976552,9119178,9263404,9409457,9556889,9705029,9852870,9999617,10145054,10289210,10431776,10572466,10711061,10847334,10981229
HUN,Urban population,6593735,6588305,6611324,6633742,6660205,6694281,6737243,6779707,6820246,6861506,6891116,6916190,6912310,6920508,6928924,6939335,6946267,6950664
HUN,Total population,10210971,10187576,10158608,10129552,10107146,10087065,10071370,10055780,10038188,10022650,10000023,9971727,9920362,9893082,9866468,9843028,9814023,9781127
IBD,Urban population,1737622072,1781531869,1827746408,1874761368,1922513177,1971029337,2019498805,2068116472,2117540138,2167876420,2218770033,2269313824,2320398526,2372140289,2424343232,2476754774,2529541299,2582487405
IBD,Total population,3986056196,4032084833,4077072173,4121738823,4166120812,4210445215,4254416829,4297926816,4341646260,4385943475,4430022932,4474450995,4519551913,4564885065,4610015643,4654714482,4699231955,4743263932
IBT,Urban population,2052329817,2108160507,2166877939,2226820137,2287921233,2350325861,2413196388,2476363244,2541526839,2608128111,2675956841,2743523154,2811737808,2881152268,2951660264,3023362048,3096085891,3169617482
IBT,Total population,5072466718,5144856232,5216716203,5288758037,5361007554,5433668431,5506476109,5579375555,5653072135,5727963757,5803571023,5880131377,5957668177,6036113018,6114993204,6194062653,6273584648,6353204601
IDA,Urban population,314707745,326628638,339131531,352058769,365408056,379296524,393697583,408246772,423986701,440251691,457186808,474209330,491339282,509011979,527317032,546607274,566544592,587130077
IDA,Total population,1086410522,1112771399,1139644030,1167019214,1194886742,1223223216,1252059280,1281448739,1311425875,1342020282,1373548091,1405680382,1438116264,1471227953,1504977561,1539348171,1574352693,1609940669
IDB,Urban population,123263482,127731811,132332359,137012106,141857314,146901215,152163250,157662436,163405418,169381003,175755469,182243459,188677478,195323620,202174981,209208838,216405457,223759615
IDB,Total population,361050467,369246309,377544104,385980348,394625729,403526930,412705870,422204235,432032769,442179341,452947421,463997812,474993526,486261860,497751634,509396383,521159047,533023458
IDN,Urban population,88851211,91772317,94763911,97825035,100959778,104156362,107421779,110751388,114147586,117597550,121053491,124315715,127617366,130943362,134288263,137633967,140973624,144295048
IDN,Total population,211540429,214506502,217508059,220545214,223614649,226712730,229838202,232989141,236159276,239340478,242524123,245707511,248883232,252032263,255131116,258162113,261115456,263991379
IDX,Urban population,191444263,198896827,206799172,215046663,223550742,232395309,241534333,250584336,260581283,270870688,281431339,291965871,302661804,313688359,325142051,337398436,350139135,363370462
IDX,Total population,725360055,743525090,762099926,781038866,800261013,819696286,839353410,859244504,879393106,899840941,920600670,941682570,963122738,984966093,1007225927,1029951788,1053193646,1076917211
IMN,Urban population,37600,37938,38302,38688,39092,39509,39935,40371,40805,41230,41633,42004,42369,42725,43081,43451,43830,44215
IMN,Total population,72554,73192,73870,74587,75341,76118,76914,77727,78534,79325,80072,80759,81406,82013,82590,83167,83737,84287
IND,Urban population,291347596,299135188,307805121,316585717,325487024,334483094,343585192,352795471,362089053,371408805,380742328,390085540,399558252,409178263,419003394,429068623,439386539,449964523
IND,Total population,1053050912,1071477855,1089807112,1108027848,1126135777,1144118674,1161977719,1179681239,1197146906,1214270132,1230980691,1247236029,1263065852,1278562207,1293859294,1309053980,1324171354,1339180127
INX,Urban population,NA,NA,NA,NA,NA,NA,NA,NA,NA,NA,NA,NA,NA,NA,NA,NA,NA,NA
INX,Total population,NA,NA,NA,NA,NA,NA,NA,NA,NA,NA,NA,NA,NA,NA,NA,NA,NA,NA
IRL,Urban population,2250951,2296510,2345367,2394915,2450379,2515791,2595694,2680715,2744952,2782090,2806411,2827835,2849043,2873286,2903635,2940510,2983355,3030022
IRL,Total population,3805174,3866243,3931947,3996521,4070262,4159914,4273591,4398942,4489544,4535375,4560155,4580084,4599533,4623816,4657740,4701957,4755335,4813608
IRN,Urban population,42352162,43450296,44507326,45534748,46552259,47575567,48605193,49603499,50597057,51614455,52664050,53750006,54859262,55981911,57106798,58217266,59308964,60380245
IRN,Total population,66131854,67096414,67983330,68812713,69617100,70421811,71227880,72031103,72845542,73687565,74567511,75491582,76453574,77435384,78411092,79360487,80277428,81162788
IRQ,Urban population,16141365,16624505,17109357,17595415,18082668,18572614,19061426,19553343,20065626,20621331,21257949,21976695,22757429,23580975,24419541,25252423,26076771,26898636
IRQ,Total population,23565413,24251649,24939299,25627626,26316609,27008426,27697912,28390433,29111417,29894652,30762701,31727053,32776571,33883145,35006080,36115649,37202572,38274618
ISL,Urban population,259836,263687,266425,268644,271378,276072,283000,290623,296449,297832,297604,298556,300190,303150,306653,309974,314424,320032
ISL,Total population,281205,284968,287523,289521,292074,296734,303782,311566,317414,318499,318041,319014,320716,323764,327386,330815,335439,341284
ISR,Urban population,5735757,5876682,6000381,6113918,6227239,6342289,6459778,6579915,6702316,6869011,7000447,7136149,7274496,7417238,7566988,7724692,7884198,8044682
ISR,Total population,6289000,6439000,6570000,6689700,6809000,6930100,7053700,7180100,7308800,7485600,7623600,7765800,7910500,8059500,8215700,8380100,8546000,8712400
ITA,Urban population,38277624,38333314,38447500,38686985,39006818,39267369,39454178,39722857,40056298,40308358,40502481,40641670,40894259,41548775,42109853,42247229,42351339,42473185
ITA,Total population,56942108,56974100,57059007,57313203,57685327,57969484,58143979,58438310,58826731,59095365,59277417,59379449,59539717,60233948,60789140,60730582,60627498,60551416
JAM,Urban population,1376628,1393465,1408397,1422359,1436019,1449489,1462893,1476104,1489116,1501782,1514053,1525946,1537886,1549957,1562242,1574768,1587569,1600590
JAM,Total population,2656864,2677011,2695446,2712511,2728777,2744673,2760279,2775467,2790122,2804082,2817210,2829493,2840992,2851807,2862087,2871934,2881355,2890299
JOR,Urban population,3994220,4065614,4139892,4226106,4335533,4541861,4804948,5101393,5431462,5793037,6183176,6603229,7048251,7498500,7928375,8266820,8558068,8804594
JOR,Total population,5103130,5193482,5287488,5396774,5535595,5714111,5934232,6193191,6489822,6821116,7182390,7574943,7992573,8413464,8809306,9159302,9455802,9702353
JPN,Urban population,99760751,101706485,104055019,106256267,108136910,109856670,111383848,112827761,114107975,115228215,116302928,116416235,116331281,116262976,116208079,116182717,116145370,116053379
JPN,Total population,126843000,127149000,127445000,127718000,127761000,127773000,127854000,128001000,128063000,128047000,128070000,127833000,127629000,127445000,127276000,127141000,126994511,126785797
KAZ,Urban population,8349417,8346075,8357267,8396312,8465822,8552467,8654578,8765446,8884337,9133481,9275230,9421047,9566957,9718100,9874723,10032906,10189588,10342065
KAZ,Total population,14883626,14858335,14858948,14909018,15012985,15147029,15308084,15484192,15674000,16092822,16321872,16557201,16792089,17035550,17288285,17542806,17794055,18037646
KEN,Urban population,6256130,6541545,6839097,7149731,7474468,7813466,8168124,8538861,8925839,9328191,9746644,10183670,10639302,11114369,11607776,12119879,12650892,13201277
KEN,Total population,31450483,32321482,33214009,34130852,35074931,36048288,37052050,38085909,39148416,40237204,41350152,42486839,43646629,44826849,46024250,47236259,48461567,49699862
KGZ,Urban population,1729037,1745422,1761468,1779932,1801551,1821882,1841521,1859060,1876703,1899444,1923436,1949521,1986238,2031430,2079480,2131200,2185215,2240912
KGZ,Total population,4898400,4945100,4990700,5043300,5104700,5162600,5218400,5268400,5318700,5383300,5447900,5514600,5607200,5719600,5835500,5956900,6079500,6201500
KHM,Urban population,2258637,2319635,2377856,2433996,2489226,2544428,2599633,2655056,2716554,2808178,2903816,3003963,3108609,3217109,3328880,3443053,3559458,3678035
KHM,Total population,12152354,12402473,12634729,12853124,13063377,13270201,13474489,13676693,13880509,14090208,14308740,14537886,14776866,15022692,15270790,15517635,15762370,16005373
KIR,Urban population,36259,37325,37987,38680,39415,40208,41503,43211,44993,46811,48647,50481,52328,54188,56083,58023,60000,61996
KIR,Total population,84406,85858,87343,88895,90542,92325,94260,96311,98440,100568,102652,104656,106613,108535,110458,112407,114395,116398
KNA,Urban population,14873,14992,15137,15286,15432,15569,15691,15803,15906,16010,16114,16217,16336,16463,16597,16735,16879,17031
KNA,Total population,45374,45990,46641,47306,47971,48611,49210,49783,50332,50886,51445,52006,52591,53169,53739,54288,54821,55345
KOR,Urban population,37428328,37867709,38258247,38626122,38947802,39195731,39490771,39740941,40093884,40351067,40602657,40909592,41089082,41240244,41463573,41645542,41797024,41946498
KOR,Total population,47008111,47370164,47644736,47892330,48082519,48184561,48438292,48683638,49054708,49307835,49554112,49936638,50199853,50428893,50746659,51014947,51245707,51466201
KWT,Urban population,2030234,2107414,2143833,2169118,2207939,2276623,2377258,2503410,2652340,2818939,2998083,3191051,3395556,3598385,3782450,3935794,4052584,4136528
KWT,Total population,2050741,2109355,2143833,2169118,2207939,2276623,2377258,2503410,2652340,2818939,2998083,3191051,3395556,3598385,3782450,3935794,4052584,4136528
LAC,Urban population,339999644,346754069,353299052,359804131,366262812,372756632,379311657,385913315,392530197,399129466,405714900,412288224,418830409,425322580,431764327,438141683,444443076,450666895
LAC,Total population,459908706,466569961,473087978,479514487,485921455,492360617,498847473,505365856,511896377,518406797,524870761,531283625,537645733,543940758,550149862,556257851,562254848,568136842
LAO,Urban population,1171221,1244972,1321764,1401944,1486506,1564290,1623079,1684742,1748659,1813313,1877880,1941847,2005638,2069945,2136474,2206306,2279998,2357012
LAO,Total population,5329304,5414568,5497273,5579656,5664605,5754026,5849356,5949787,6052190,6152036,6246274,6333487,6415169,6494557,6576397,6663967,6758353,6858160
LBN,Urban population,2782415,2893443,3038095,3196806,3341494,3453690,3520238,3551180,3578338,3647168,3787799,4014088,4308540,4631890,4927916,5155504,5301846,5378567
LBN,Total population,3235366,3359859,3522837,3701464,3863267,3986852,4057350,4086466,4111047,4183156,4337141,4588368,4916404,5276102,5603279,5851479,6006668,6082357
LBR,Urban population,1278737,1336228,1378809,1413554,1451812,1501829,1566254,1642015,1724830,1808379,1887717,1961536,2031529,2099640,2168892,2241711,2318631,2398934
LBR,Total population,2884522,2991132,3062863,3116233,3176414,3261230,3375838,3512932,3662993,3811528,3948125,4070167,4181563,4286291,4390737,4499621,4613823,4731906
LBY,Urban population,4091098,4162142,4235679,4311254,4388044,4465004,4543585,4623269,4699126,4764444,4815137,4848087,4866376,4879698,4901804,4942449,5005653,5088027
LBY,Total population,5355751,5440566,5527515,5615952,5704759,5792688,5881435,5970362,6053078,6121053,6169140,6193501,6198258,6195970,6204108,6234955,6293253,6374616
LCA,Urban population,43591,43535,42064,40591,39156,37793,36502,35271,34066,32858,31841,32072,32257,32429,32606,32810,33036,33286
LCA,Total population,156949,158464,159763,160973,162251,163714,165407,167288,169220,171022,172580,173832,174835,175660,176421,177206,178015,178844
LCN,Urban population,396155977,403622010,410869265,418046514,425175632,432334479,439545526,446797414,454066253,461321532,468568696,475780936,482961243,490096192,497163207,504157418,511065160,517887249
LCN,Total population,524829251,532172709,539372044,546478662,553563090,560673962,567821716,574994397,582179826,589349327,596478519,603537118,610547919,617495658,624335544,631062657,637663890,644137666
LDC,Urban population,166314090,173226162,180623828,188378915,196357110,204618410,213008769,221246363,230432037,240004813,250013918,260478876,271243895,282409858,293983833,305950995,318314864,331089333
LDC,Total population,664804763,681932226,699560739,717572892,735796583,754118072,772488966,790978141,809730997,828953320,848791962,869298106,890423474,912093996,934192321,956631108,979387925,1002485957
LIC,Urban population,124029200,128881477,133883510,139103039,144519499,150256120,156283297,162195146,168992963,175973808,183098973,190054140,197030157,204214551,211727711,219956382,228588153,237625980
LIC,Total population,465631330,478477973,491764952,505488618,519630935,534172627,549135479,564514253,580229110,596172925,612274687,628504663,644901894,661550623,678572076,696058453,714022293,732448558
LIE,Urban population,5036,5038,5071,5097,5118,5137,5153,5167,5180,5193,5207,5226,5250,5280,5314,5350,5387,5429
LIE,Total population,33286,33671,34018,34321,34596,34852,35095,35322,35541,35766,36003,36264,36545,36834,37127,37403,37666,37922
LKA,Urban population,3452120,3473382,3497191,3522934,3548855,3573580,3597277,3619827,3641511,3662097,3681352,3699568,3716533,3746058,3784061,3827553,3882481,3942265
LKA,Total population,18781938,18913054,19059300,19215307,19372538,19524558,19670151,19810789,19945832,20075086,20198353,20315017,20425000,20585000,20771000,20966000,21203000,21444000
LMC,Urban population,748923244,769580072,791740568,814424343,837591776,861228301,885222585,909676746,934681274,960279180,986616559,1013436603,1040684356,1068578214,1096994737,1126041991,1155588817,1185661113
LMC,Total population,2280235216,2320035800,2359924081,2399909122,2439908661,2479864962,2519781995,2559728298,2599821177,2640211692,2681264749,2722672277,2764105969,2805845772,2847559084,2889349899,2931075528,2972642807
LMY,Urban population,1998611940,2053965995,2112237734,2171813209,2232530335,2294532972,2356993694,2419739245,2484464381,2550635538,2618129221,2685367349,2753211141,2822265797,2892420440,2963777313,3036142882,3109311615
LMY,Total population,5006672528,5078705169,5150230538,5221946114,5293853508,5366142729,5438568259,5511067338,5584333697,5658778430,5734082511,5810352625,5887499549,5965580605,6044110924,6122845409,6202019744,6281293921
LSO,Urban population,365293,378455,391819,405428,419406,433754,448564,461952,475903,490526,506016,522440,537195,552652,568676,585153,602018,619305
LSO,Total population,1868699,1885955,1902312,1918097,1933728,1949543,1965662,1982287,1999930,2019209,2040551,2064166,2089928,2117361,2145785,2174645,2203821,2233339
LTE,Urban population,933646813,958494315,984699507,1011370158,1038583376,1066369033,1094038483,1121708288,1149897122,1178561088,1207230814,1235031859,1262711815,1290563888,1318582576,1346590501,1374811214,1402992942
LTE,Total population,2047187331,2061986736,2075912406,2089475459,2102909369,2116451896,2129839624,2142908325,2156164379,2169773889,2182871640,2196130364,2209708504,2223457388,2237241890,2250812795,2264568981,2278227192
LTU,Urban population,2344199,2322637,2300933,2279211,2250685,2213967,2181225,2157761,2137953,2114156,2067653,2020994,1997745,1981238,1967853,1952971,1932212,1909164
LTU,Total population,3499536,3470818,3443067,3415213,3377075,3322528,3269909,3231294,3198231,3162916,3097282,3028115,2987773,2957689,2932367,2904910,2868231,2827721
LUX,Urban population,367434,374603,380583,387241,394773,402818,411237,419557,429035,438935,448892,460842,473864,486709,500042,513663,526490,543862
LUX,Total population,436300,441525,446175,451630,458095,465158,472637,479993,488650,497783,506953,518347,530946,543360,556319,569604,582014,599449
LVA,Urban population,1611520,1588107,1567452,1551233,1536660,1522383,1507751,1494021,1476965,1452351,1423002,1397904,1381242,1367090,1354815,1344323,1332897,1321159
LVA,Total population,2367550,2337170,2310173,2287955,2263122,2238799,2218357,2200325,2177322,2141669,2097555,2059709,2034319,2012647,1993782,1977527,1959537,1940740
MAC,Urban population,427979,438081,448896,460147,471453,482559,493320,503823,514348,525313,536969,549439,562531,575841,588781,600942,612167,622567
MAC,Total population,427979,438081,448896,460147,471453,482559,493320,503823,514348,525313,536969,549439,562531,575841,588781,600942,612167,622567
MAF,Urban population,NA,NA,NA,NA,NA,NA,NA,NA,NA,NA,NA,NA,NA,NA,NA,NA,NA,NA
MAF,Total population,28384,27782,27450,27363,27514,27906,28414,28905,29376,29820,30235,30615,30959,31264,31530,31754,31949,32125
MAR,Urban population,15386945,15659555,15933727,16210331,16491168,16839695,17208426,17585479,17974187,18378836,18803424,19249027,19714269,20193387,20678703,21163552,21645836,22125659
MAR,Total population,28849621,29181832,29512368,29843937,30179285,30521070,30869346,31225881,31596855,31989897,32409639,32858823,33333789,33824769,34318082,34803322,35276786,35739580
MCO,Urban population,32082,32360,32629,32933,33314,33793,34408,35111,35853,36534,37094,37497,37783,37971,38132,38307,38499,38695
MCO,Total population,32082,32360,32629,32933,33314,33793,34408,35111,35853,36534,37094,37497,37783,37971,38132,38307,38499,38695
MDA,Urban population,1622858,1604707,1586503,1567590,1549336,1537841,1532462,1527806,1523793,1520766,1518144,1516162,1514860,1513351,1511326,1510140,1509971,1510667
MDA,Total population,3639592,3631462,3623062,3612874,3603945,3595187,3585209,3576910,3570108,3565604,3562045,3559986,3559519,3558566,3556397,3554108,3551954,3549750
MDG,Urban population,4276115,4454032,4637734,4827101,5022403,5283544,5555519,5838413,6132917,6438341,6755411,7084179,7425096,7778777,8146502,8528703,8926190,9339002
MDG,Total population,15766806,16260932,16765117,17279141,17802997,18336724,18880268,19433523,19996469,20569121,21151640,21743949,22346573,22961146,23589801,24234088,24894551,25570895
MDV,Urban population,77683,82833,88426,94446,100856,107607,113905,118297,122874,127695,132806,138232,143926,149759,155567,161206,166628,171827
MDV,Total population,280384,287027,294341,302209,310423,318836,327371,336070,345054,354501,364511,375131,386203,397397,408247,418403,427756,436330
MEA,Urban population,185394035,190163081,194966876,199900772,205086155,210714165,216725326,222986287,229468551,236134249,242842872,249335516,255852697,262372648,268847007,275492370,281989359,288362095
MEA,Total population,317129227,323196354,329289435,335522845,342046777,348956287,356287693,363996317,371999662,380192587,388376106,396573248,404783020,412953000,421030035,428974903,436738031,444322417
MEX,Urban population,76006974,77346681,78647604,79950808,81313433,82772988,84348376,86024517,87771922,89539653,91291734,93022403,94735434,96434582,98126368,99812639,101492842,103158834
MEX,Total population,101719673,103067068,104355608,105640453,106995583,108472228,110092378,111836346,113661809,115505228,117318941,119090017,120828307,122535969,124221600,125890949,127540423,129163276
MHL,Urban population,35771,36059,36311,36549,36784,37031,37306,37604,37917,38242,38568,38901,39233,39566,39877,40175,40451,40713
MHL,Total population,52159,52183,52158,52116,52074,52055,52078,52137,52218,52320,52425,52542,52663,52793,52898,52994,53066,53127
MIC,Urban population,1874582740,1925084518,1978354224,2032710170,2088010836,2144276852,2200710397,2257544099,2315471418,2374661730,2435030248,2495313209,2556180984,2618051246,2680692729,2743820931,2807554729,2871685635
MIC,Total population,4541041198,4600227196,4658465586,4716457496,4774222573,4831970102,4889432780,4946553085,5004104587,5062605505,5121807824,5181847962,5242597655,5304029982,5365538848,5426786956,5487997451,5548845363
MKD,Urban population,1191346,1191774,1191042,1189365,1187142,1185316,1183894,1182764,1182023,1181804,1182164,1183165,1184793,1187094,1190072,1193689,1198005,1202983
MKD,Total population,2034819,2042842,2048928,2053426,2057047,2060272,2063145,2065458,2067378,2069093,2070739,2072383,2074036,2075739,2077495,2079308,2081206,2083160
MLI,Urban population,3109998,3283515,3469099,3667206,3878667,4103283,4342710,4596645,4863970,5141522,5426880,5718929,6018348,6327153,6648757,6985590,7338834,7708272
MLI,Total population,10967690,11293258,11638929,12005128,12391906,12798763,13227064,13675606,14138216,14606597,15075085,15540989,16006670,16477818,16962846,17467905,17994837,18541980
MLT,Urban population,360316,364105,367875,371319,374812,378170,380114,381739,384526,387733,389936,391879,395713,401597,409992,420192,430220,439915
MLT,Total population,390087,393028,395969,398582,401268,403834,405308,406724,409379,412477,414508,416268,420028,425967,434558,445053,455356,465292
MMR,Urban population,12457299,12686545,12912178,13132565,13345261,13548951,13741490,13924901,14105193,14290308,14487531,14698294,14921713,15155095,15395520,15646687,15908933,16183036
MMR,Total population,46095462,46627994,47140220,47624894,48073707,48482614,48846474,49171586,49479752,49800690,50155896,50553031,50986514,51448196,51924182,52403669,52885223,53370609
MNA,Urban population,155375525,159219346,163076273,166972162,170944737,175144563,179497860,183901507,188405947,193046248,197848927,202529645,207318330,212198736,217100674,222226762,227270884,232269827
MNA,Total population,280955290,286016125,291051001,296114536,301278295,306595214,312079307,317721161,323531149,329488935,335581557,341822043,348195697,354641044,361077997,367449306,373719055,379901782
MNE,Urban population,354162,361755,369361,376961,381058,383698,386254,388857,391621,394521,397301,399777,402174,404636,407105,409418,411597,413800
MNE,Total population,604950,607389,609828,612267,613353,614261,615025,615875,616969,618294,619428,620079,620601,621207,621810,622159,622303,622471
MNG,Urban population,1369727,1408842,1449188,1490906,1534128,1578877,1625233,1673286,1723555,1776547,1832856,1876809,1914518,1953776,1993015,2031123,2067622,2102605
MNG,Total population,2397436,2419776,2443659,2469286,2496832,2526446,2558012,2591670,2628131,2668289,2712650,2761516,2814226,2869107,2923896,2976877,3027398,3075647
MNP,Urban population,62290,62612,62104,60948,59411,57725,55913,53988,52144,50592,49498,48960,48941,49275,49715,50078,50315,50473
MNP,Total population,69094,69388,68763,67422,65663,63744,61688,59513,57431,55674,54424,53786,53718,54036,54468,54816,55023,55144
MOZ,Urban population,5257336,5442231,5637969,5843408,6056842,6276712,6503455,6737282,7044112,7369618,7709673,8064277,8433738,8818506,9219011,9635678,10068983,10519085
MOZ,Total population,18067687,18588758,19139658,19716598,20312705,20923070,21547463,22188387,22846758,23524063,24221405,24939005,25676606,26434372,27212382,28010691,28829476,29668834
MRT,Urban population,1032022,1077668,1134350,1193226,1254525,1318377,1384816,1453929,1526169,1601883,1681614,1765634,1853836,1945699,2040210,2136716,2234895,2334918
MRT,Total population,2709359,2790729,2873228,2957117,3042823,3130720,3220653,3312665,3407541,3506288,3609543,3717672,3830239,3946170,4063920,4182341,4301018,4420184
MUS,Urban population,506439,509128,511325,513680,515544,517242,518278,519269,519756,519754,519604,519046,519081,518842,518383,517668,516887,516481
MUS,Total population,1186873,1196287,1204621,1213370,1221003,1228254,1233996,1239630,1244121,1247429,1250400,1252404,1255882,1258653,1260934,1262605,1263473,1264613
MWI,Urban population,1662059,1719058,1776347,1835082,1896842,1962998,2033727,2108672,2187209,2270316,2357573,2449160,2545306,2646707,2753545,2866783,2986195,3112498
MWI,Total population,11376172,11695863,12013711,12336687,12676038,13039711,13429262,13840969,14271234,14714602,15167095,15627618,16097305,16577147,17068838,17573607,18091575,18622104
MYS,Urban population,14369744,14911826,15452393,15993342,16537879,17087616,17642463,18201428,18767638,19344472,19934986,20505329,21082947,21665114,22240868,22800575,23340549,23859558
MYS,Total population,23185608,23698907,24198811,24688703,25174109,25659393,26143566,26625845,27111069,27605383,28112289,28635128,29170456,29706724,30228017,30723155,31187265,31624264
NAC,Urban population,247586112,250661270,253517677,256270268,259206860,262153682,265189628,268300745,271461156,274499656,277446802,280172531,282968550,285696482,288549430,291378828,294295031,297206110
NAC,Total population,312993944,316113359,319050105,321847258,324864038,327892753,331014940,334184023,337405012,340465736,343408819,346051624,348808615,351451876,354223012,356937591,359735880,362492702
NAM,Urban population,614846,636114,662539,689506,716611,744434,773162,802806,834061,867660,904386,944674,989181,1036782,1086531,1137588,1189295,1241686
NAM,Total population,1899257,1933596,1962147,1986535,2009228,2032196,2055734,2079915,2106375,2137040,2173170,2215621,2263934,2316520,2370992,2425561,2479713,2533794
NCL,Urban population,132030,135341,138724,141907,144893,148559,152384,156245,160140,163862,167587,171852,176182,180545,184770,188988,193090,197040
NCL,Total population,213230,217324,221490,225296,228750,232250,235750,239250,242750,245950,249750,254350,259000,263650,268050,272400,276550,280460
NER,Urban population,1837592,1914123,1984086,2056868,2132746,2211908,2294765,2381258,2471437,2565807,2664393,2767201,2874653,2986546,3105650,3232660,3367630,3511546
NER,Total population,11352973,11771976,12206002,12656870,13127012,13618449,14132064,14668338,15228525,15813913,16425578,17064636,17731634,18426372,19148219,19896965,20672987,21477348
NGA,Urban population,42627440,44751552,46973642,49299659,51736609,54289212,56964348,59765965,62697869,65756801,68949828,72262044,75695329,79244238,82904673,86673723,90545336,94524992
NGA,Total population,122352009,125463434,128666710,131972533,135393616,138939478,142614094,146417024,150347390,154402181,158578261,162877076,167297284,171829303,176460502,181181744,185989640,190886311
NIC,Urban population,2774037,2822500,2869485,2915658,2961859,3008927,3059312,3110492,3162295,3214141,3265740,3317020,3368112,3419102,3470076,3521194,3572493,3624788
NIC,Total population,5026796,5100750,5171734,5240879,5309703,5379328,5450211,5522106,5594506,5666581,5737723,5807820,5877108,5945747,6013997,6082035,6149928,6217581
NLD,Urban population,12229998,12488742,12775902,13035570,13271929,13485107,13671225,13848922,14044865,14263741,14477657,14669707,14842886,14987369,15126226,15275237,15435425,15604089
NLD,Total population,15925513,16046180,16148929,16225302,16281779,16319868,16346101,16381696,16445593,16530388,16615394,16693074,16754962,16804432,16865008,16939923,17030314,17132854
NOR,Urban population,3414033,3447513,3482266,3518773,3554092,3591141,3632998,3684159,3744286,3805760,3867496,3935476,4008535,4078226,4145335,4208817,4265348,4324609
NOR,Total population,4490967,4513751,4538159,4564855,4591910,4623291,4660677,4709153,4768212,4828726,4889252,4953088,5018573,5079623,5137232,5190239,5234519,5282223
NPL,Urban population,3180570,3369843,3498247,3627322,3756175,3884247,4010938,4136965,4263937,4394633,4531240,4675128,4827124,4985583,5149732,5317746,5489916,5666414
NPL,Total population,23740911,24161777,24566342,24950623,25309449,25640287,25940618,26214847,26475859,26741103,27023137,27327147,27649925,27985310,28323241,28656282,28982771,29304998
NRU,Urban population,10037,10052,10080,10106,10126,10114,10071,10002,9947,9945,10025,10057,10279,10821,11853,12475,13049,13649
NRU,Total population,10037,10052,10080,10106,10126,10114,10071,10002,9947,9945,10025,10057,10279,10821,11853,12475,13049,13649
NZL,Urban population,3318432,3341111,3402067,3472292,3526736,3569251,3615494,3646829,3675355,3709702,3748563,3774624,3798063,3830023,3891014,3967973,4054925,4145094
NZL,Total population,3857700,3880500,3948500,4027200,4087500,4133900,4184600,4223800,4259800,4302600,4350700,4384000,4408100,4442100,4509700,4595700,4693200,4793900
OED,Urban population,878407910,888629409,899593617,910406099,921145365,931776637,942429251,953165923,964231853,974636065,984512472,992212967,1000776450,1009570677,1018629008,1027702327,1036856013,1045805422
OED,Total population,1160068208,1168255846,1176489220,1184744057,1193061799,1201387655,1210090990,1219114314,1228624922,1237366149,1245479028,1251781641,1259608786,1267734036,1276165062,1284497900,1292855641,1300865255
OMN,Urban population,1623178,1641897,1669691,1705672,1755991,1818159,1884731,1957849,2043878,2151367,2285992,2466248,2687316,2927690,3174483,3416545,3650429,3874061
OMN,Total population,2267991,2294787,2334285,2385255,2444751,2511269,2582991,2662762,2759014,2882942,3041460,3237268,3464644,3711481,3960925,4199810,4424762,4636262
OSS,Urban population,10455387,10755928,11068607,11403962,11776844,12202400,12682609,13231027,13817597,14407449,14984961,15540458,16075082,16592422,17108048,17626971,18143680,18655988
OSS,Total population,20939372,21324121,21722065,22141340,22600520,23112789,23681565,24300791,24955735,25615419,26267053,26900149,27529595,28153079,28774019,29396503,30012500,30621014
PAK,Urban population,45687750,46983357,48285553,49598802,50935093,52301583,53701011,55133700,56604668,58121560,59690947,61316345,62994916,64713306,66460814,68226224,70005347,71796554
PAK,Total population,138523285,141601437,144654143,147703401,150780300,153909667,157093993,160332974,163644603,167049580,170560182,174184265,177911533,181712595,185546257,189380513,193203476,197015955
PAN,Urban population,1884815,1930960,1977549,2024700,2072464,2120907,2170005,2219693,2270103,2321267,2373195,2426261,2480367,2535381,2591115,2647330,2703949,2761013
PAN,Total population,3030347,3089684,3149265,3209174,3269541,3330465,3391905,3453807,3516268,3579385,3643222,3707782,3772938,3838462,3903986,3969249,4034119,4098587
PER,Urban population,18928746,19288446,19645183,20001001,20357803,20717195,21080127,21446734,21782799,22111039,22450278,22801211,23163292,23532239,23903066,24272051,24637117,24999015
PER,Total population,25914879,26261363,26601467,26937738,27273194,27610410,27949944,28292724,28641980,29001507,29373646,29759989,30158966,30565716,30973354,31376671,31773839,32165485
PHL,Urban population,35981410,36685878,37393474,38095060,38778516,39435954,40063047,40664255,41251260,41841535,42488153,43372424,44279679,45205748,46140130,47078400,48018073,48977863
PHL,Total population,77991569,79665315,81352060,83031954,84678493,86274237,87809419,89293490,90751864,92220879,93726624,95277940,96866642,98481032,100102249,101716359,103320222,104918090
PLW,Urban population,13487,13601,13672,13711,13939,14164,14391,14615,14845,15075,15315,15555,15816,16080,16351,16638,16939,17245
PLW,Total population,19175,19404,19574,19700,19804,19906,20012,20116,20228,20342,20470,20599,20758,20920,21094,21288,21503,21729
PNG,Urban population,735756,753503,771715,790170,808822,827795,847023,866468,886067,905739,925422,945015,964671,985402,1007321,1030528,1055091,1081067
PNG,Total population,5572222,5716152,5862316,6010724,6161517,6314709,6470272,6627922,6787187,6947447,7108239,7269348,7430836,7592865,7755785,7919825,8084991,8251162
POL,Urban population,23611695,23622394,23621395,23563051,23506503,23453429,23396235,23340838,23300939,23274004,23165018,23134846,23086831,23025350,22960228,22897449,22849639,22825379
POL,Total population,38258629,38248076,38230364,38204570,38182222,38165445,38141267,38120560,38125759,38151603,38042794,38063255,38063164,38040196,38011735,37986412,37970087,37975841
PRE,Urban population,177559072,185118749,193090089,201568179,210452653,219774593,229399991,239017731,249585807,260636128,272252213,284433832,297018498,310106573,323676049,337707254,352194747,367165321
PRE,Total population,554097477,569959700,586553190,603809871,621611464,639876871,658586521,677788806,697549138,717959651,739082260,760942116,783505835,806705375,830442736,854646007,879292453,904399841
PRI,Urban population,3596716,3602364,3604909,3605100,3603694,3596360,3579032,3555977,3533033,3511647,3491721,3449657,3406460,3366210,3310445,3251727,3188571,3123164
PRI,Total population,3810605,3818774,3823701,3826095,3826878,3821362,3805214,3782995,3760866,3740410,3721525,3678732,3634488,3593077,3534874,3473177,3406520,3337177
PRK,Urban population,13622622,13761345,13901661,14040268,14172917,14295887,14408747,14512776,14610822,14725515,14847670,14971082,15095843,15220957,15345595,15468715,15594344,15722317
PRK,Total population,22929075,23131810,23336681,23538540,23729498,23904167,24061097,24203289,24335146,24463021,24591599,24722298,24854034,24985976,25116363,25243917,25368620,25490965
PRT,Urban population,5597602,5704057,5800192,5886957,5966051,6041725,6117343,6193886,6267228,6337144,6403809,6457743,6494283,6520333,6546012,6578828,6617169,6655095
PRT,Total population,10289898,10362722,10419631,10458821,10483861,10503330,10522288,10542964,10558177,10568247,10573100,10557560,10514844,10457295,10401062,10358076,10325452,10293718
PRY,Urban population,2934037,3025871,3117874,3195242,3268528,3340117,3409669,3477435,3544336,3611563,3680035,3750088,3821599,3892182,3962610,4033265,4104186,4175325
PRY,Total population,5302700,5406624,5508611,5607950,5703740,5795494,5882796,5966159,6047117,6127837,6209877,6293783,6379219,6465740,6552584,6639119,6725308,6811297
PSE,Urban population,2103044,2164070,2226847,2291359,2357720,2425915,2496025,2568140,2650903,2736791,2825894,2920980,3019757,3121417,3225864,3332881,3442258,3555465
PSE,Total population,2922153,2997784,3075373,3154969,3236626,3320396,3406334,3494496,3596688,3702218,3811102,3927051,4046901,4169506,4294682,4422143,4551566,4684777
PSS,Urban population,678820,690338,700619,710757,721745,733787,747577,762921,780046,797824,815431,832662,849983,867617,885987,904383,923137,942237
PSS,Total population,1964216,1985712,2006448,2027212,2049025,2072665,2098492,2126235,2155339,2184837,2214096,2242763,2271298,2300045,2329458,2358955,2388875,2419188
PST,Urban population,780443392,787830633,795919961,803946059,812034015,819951559,827833722,835795541,844079991,851529933,858505292,863127258,868735418,874470889,880372660,886338237,892325454,898004335
PST,Total population,1020591853,1025668441,1030742327,1035918962,1041303140,1046610820,1052236684,1058174510,1064603304,1070107590,1075131208,1078064180,1082727404,1087610209,1092678876,1097735849,1102778565,1107374909
PYF,Urban population,132976,135033,136929,139761,143086,146348,149548,152669,155712,158663,161541,164305,166986,168447,169789,171288,172984,174853
PYF,Total population,237258,241273,245006,248499,251775,254886,257832,260594,263179,265581,267820,269843,271703,273528,275484,277690,280208,283007
QAT,Urban population,570418,595332,624301,667019,736772,842342,986850,1164853,1363486,1564309,1752999,1924764,2082080,2223130,2347541,2455359,2544491,2614877
QAT,Total population,592267,616886,645659,688586,758855,864863,1010382,1189633,1389342,1590780,1779676,1952054,2109568,2250473,2374419,2481539,2569804,2639211
ROU,Urban population,11895672,11697189,11469356,11415407,11378651,11336529,11297334,11159030,11001524,10936933,10898688,10871606,10826124,10778604,10730940,10677968,10619557,10564196
ROU,Total population,22442971,22131970,21730496,21574326,21451748,21319685,21193760,20882982,20537875,20367487,20246871,20147528,20058035,19983693,19908979,19815481,19702332,19586539
RUS,Urban population,107528575,107067618,106568907,106132766,105771150,105433013,105152847,105037426,105055515,105149982,105261473,105407907,105669949,105998510,106354643,106703732,107050095,107348258
RUS,Total population,146596557,145976083,145306046,144648257,144067054,143518523,143049528,142805088,142742350,142785342,142849449,142960868,143201676,143506911,143819666,144096870,144342396,144495044
RWA,Urban population,1197916,1318462,1432119,1467326,1491021,1520682,1557477,1598595,1643108,1689182,1735200,1781212,1827955,1875211,1924967,1977489,2032650,2090690
RWA,Total population,8025703,8329406,8536205,8680346,8818438,8991735,9206580,9447402,9708169,9977446,10246842,10516071,10788853,11065151,11345357,11629553,11917508,12208407
SAS,Urban population,379367784,390163245,402051534,414114900,426346839,438697706,451153827,463726940,476426047,489245225,502216508,515351934,528752754,542414615,556358756,570578360,585084689,599884600
SAS,Total population,1386625845,1412104373,1437568227,1462906674,1487975237,1512670560,1536943534,1560818860,1584359049,1607663899,1630806784,1653798614,1676615491,1699310450,1721847786,1744199944,1766393714,1788388852
SAU,Urban population,16579888,17059277,17591642,18164689,18758258,19358560,19958564,20562409,21180379,21826964,22512092,23240455,24002062,24776059,25532369,26249232,26918246,27543592
SAU,Total population,20764312,21303592,21906308,22556425,23228890,23905654,24578301,25252569,25940770,26661492,27425676,28238020,29086357,29944476,30776722,31557144,32275687,32938213
SDN,Urban population,8855061,9095540,9349825,9612013,9873047,10126743,10371226,10609975,10848620,11102349,11377971,11678010,12001289,12347302,12713526,13099286,13504692,13931306
SDN,Total population,27250535,27945005,28679565,29435944,30186341,30911914,31607064,32282526,32955496,33650619,34385963,35167314,35990192,36849918,37737913,38647803,39578828,40533330
SEN,Urban population,3985250,4100823,4221853,4364221,4525462,4693353,4868171,5050417,5241233,5441952,5653821,5877406,6112178,6356827,6609171,6868749,7134961,7408555
SEN,Total population,9884052,10134497,10396861,10670990,10955944,11251266,11556763,11873557,12203957,12550917,12916229,13300910,13703513,14120320,14546111,14976994,15411614,15850567
SGP,Urban population,4027887,4138012,4175950,4114826,4166664,4265762,4401365,4588599,4839396,4987573,5076732,5183688,5312437,5399162,5469724,5535002,5607283,5612253
SGP,Total population,4027887,4138012,4175950,4114826,4166664,4265762,4401365,4588599,4839396,4987573,5076732,5183688,5312437,5399162,5469724,5535002,5607283,5612253
SLB,Urban population,65246,68668,72240,75955,79808,83790,87903,92150,96547,101095,105811,110664,115656,120778,126012,131361,136805,142357
SLB,Total population,412609,423853,435262,446769,458324,469885,481422,492940,504477,516079,527790,539614,551531,563513,575504,587482,599419,611343
SLE,Urban population,1626076,1699790,1790001,1890140,1990711,2089017,2181738,2267151,2347589,2427305,2509600,2594957,2682219,2771324,2862247,2954805,3049301,3146521
SLE,Total population,4564297,4739147,4957216,5199549,5439695,5658379,5848692,6015417,6165372,6310260,6458720,6611692,6766103,6922079,7079162,7237025,7396190,7557212
SLV,Urban population,3456736,3511921,3565013,3616421,3666894,3716734,3766342,3818841,3890917,3962839,4034871,4107215,4179869,4252779,4326106,4399797,4473092,4545815
SLV,Total population,5867626,5905962,5940303,5971535,6000775,6028961,6056478,6083475,6110301,6137276,6164626,6192560,6221246,6250777,6281189,6312478,6344722,6377853
SMR,Urban population,25619,26027,26413,26777,27179,27618,28055,28480,28914,29343,29785,30232,30692,31130,31533,31885,32177,32422
SMR,Total population,27418,27762,28121,28494,28866,29240,29614,29977,30351,30723,31110,31504,31914,32303,32657,32960,33203,33400
SOM,Urban population,2996046,3123296,3250860,3418738,3594397,3779948,3976496,3797719,4094190,4407473,4738122,5085937,5304370,5530951,5767267,6014570,6273573,6544353
SOM,Total population,9011479,9290823,9564167,9836397,10116228,10409925,10718317,11038596,11369276,11707990,12053223,12404725,12763776,13132349,13513125,13908129,14317996,14742523
SRB,Urban population,3966301,3976219,3989274,3997403,4004805,4009310,4010029,4010264,4009546,4009752,4009779,3994308,3985121,3973872,3963388,3951845,3939250,3928397
SRB,Total population,7516346,7503433,7496522,7480591,7463157,7440769,7411569,7381579,7350222,7320807,7291436,7234099,7199077,7164132,7130576,7095383,7058322,7022268
SSA,Urban population,210161159,218704189,227667755,237010638,246757197,256980582,267572168,278243819,290056805,302378845,315260776,328700130,342546385,356901404,371784716,387186241,403101195,419544457
SSA,Total population,670568507,688534793,707016127,726057836,745705643,765997649,786951192,808575133,830878600,853866359,877538597,901902485,926951572,952644123,978926559,1005756630,1033118066,1061011878
SSD,Urban population,1105876,1159989,1213040,1267102,1325693,1390997,1463889,1542855,1626144,1711805,1798000,1884138,1970762,2058335,2147759,2240020,2335091,2432898
SSD,Total population,6700656,6974442,7237276,7501642,7787655,8108877,8468152,8856800,9263136,9670667,10067192,10448857,10818258,11177490,11530971,11882136,12230730,12575714
SSF,Urban population,210202076,218745315,227710350,237052958,246799579,257023395,267616134,278288279,290102560,302425086,315308656,328747103,342594175,356950459,371834935,387237995,403154054,419598379
SSF,Total population,670649638,688615995,707099850,726140617,745788118,766080507,787035792,808660166,830965556,853953657,877628367,901989926,927039875,952734072,979017918,1005850049,1033212743,1061107721
SST,Urban population,14413398,14753953,15103006,15473575,15882278,16343823,16861458,17448564,18075414,18706061,19324308,19921493,20500652,21063387,21625694,22191652,22756100,23316811
SST,Total population,29434279,29887049,30352305,30838828,31365918,31947386,32586895,33278247,34006389,34739790,35465245,36171934,36875022,37572012,38266156,38960406,39646847,40324496
STP,Urban population,74049,77010,80493,84225,88099,92078,96151,100340,104621,109018,113521,118122,122828,127580,132381,137227,142120,147050
STP,Total population,138606,141622,144889,148372,151969,155630,159328,163101,166913,170813,174776,178800,182889,187045,191266,195553,199910,204327
SUR,Urban population,313875,317778,321664,325542,329434,332707,335944,339193,342465,345753,349038,352316,355588,358836,362120,365427,368746,372076
SUR,Total population,472390,477740,483044,488332,493630,498946,504307,509705,515148,520619,526103,531589,537077,542540,547928,553208,558368,563402
SVK,Urban population,3030239,3020933,3011770,3001728,2993058,2985293,2977317,2970070,2964549,2960369,2948302,2937801,2935234,2930811,2926070,2922832,2922095,2923996
SVK,Total population,5388720,5378867,5376912,5373374,5372280,5372807,5373054,5374622,5379233,5386406,5391428,5398384,5407579,5413393,5418649,5423801,5430798,5439892
SVN,Urban population,1009459,1011568,1014358,1019460,1024627,1030904,1038715,1049080,1055309,1069460,1078743,1085605,1092516,1098614,1104335,1109788,1115536,1121686
SVN,Total population,1988925,1992060,1994530,1995733,1997012,2000474,2006868,2018122,2021316,2039669,2048583,2052843,2057159,2059953,2061980,2063531,2065042,2066748
SWE,Urban population,7454878,7478923,7508835,7542470,7577769,7613645,7666670,7738188,7813274,7894625,7976659,8059895,8150488,8250182,8362604,8481489,8618398,8773636
SWE,Total population,8872109,8895960,8924958,8958229,8993531,9029572,9080505,9148092,9219637,9298515,9378126,9449213,9519374,9600379,9696110,9799186,9923085,10067744
SWZ,Urban population,240805,241999,242399,242445,242729,243712,245505,248509,255479,262842,270399,278134,285192,292422,299802,307330,315077,323014
SWZ,Total population,1061468,1072927,1080930,1087392,1095053,1105873,1120514,1138434,1158897,1180675,1202843,1225258,1248158,1271456,1295097,1319011,1343098,1367254
SXM,Urban population,30519,30600,30777,31472,32488,33011,33441,33811,33964,34238,34056,33435,34640,36607,37685,38824,39969,41109
SXM,Total population,30519,30600,30777,31472,32488,33011,33441,33811,33964,34238,34056,33435,34640,36607,37685,38824,39969,41109
SYC,Urban population,40917,41126,42595,42320,42382,42813,43966,44460,45755,46241,47880,46973,47790,49055,50219,51754,52859,53922
SYC,Total population,81131,81202,83723,82781,82475,82858,84600,85033,86956,87298,89770,87441,88303,89949,91359,93419,94677,95843
SYR,Urban population,8524943,8771436,9002248,9238624,9511772,9839208,10241703,10702039,11153587,11503046,11686472,11387567,10936306,10405544,9889591,9773668,9737730,9774379
SYR,Total population,16410848,16766899,17087901,17415266,17806638,18294611,18914977,19632806,20325443,20824893,21018834,20863993,20420701,19809141,19203090,18734987,18430453,18269868
TCA,Urban population,15957,17230,18700,20275,21821,23207,24403,25431,26325,27151,27965,28770,29541,30288,30990,31659,32288,32900
TCA,Total population,18873,20185,21742,23410,25028,26448,27642,28640,29481,30245,30994,31731,32431,33108,33739,34339,34900,35446
TCD,Urban population,1805079,1877275,1953547,2032918,2113682,2194709,2275451,2356432,2438427,2523021,2613401,2710139,2813171,2921961,3035755,3154219,3277403,3405841
TCD,Total population,8342559,8663012,9001689,9353201,9710043,10067009,10421597,10775708,11133861,11502786,11887202,12288651,12705135,13133589,13569438,14009413,14452543,14899994
TEA,Urban population,650413257,675376851,701889923,728737934,755973557,783589803,810893507,838066847,865600405,893396617,921511720,948724809,975813212,1003140999,1030772180,1058549253,1086703339,1115031882
TEA,Total population,1792988790,1809863171,1825997060,1841494233,1856577921,1871547818,1886075684,1900087547,1913991988,1927809542,1941604842,1955546907,1969762859,1984152637,1998686391,2013132699,2027896410,2042783496
TEC,Urban population,275610898,275953170,276323852,277054407,277944033,278895981,279933987,281102915,282530823,284388809,286296945,288271646,290277324,292430300,294592615,296852471,299117910,301323669
TEC,Total population,435342598,435134241,434804671,434924961,435247221,435634937,436152601,436814265,437864853,439624673,441513779,443585809,445770413,448167115,450521747,452960829,455379371,457647735
TGO,Urban population,1635599,1705082,1775470,1847364,1921834,1999658,2081114,2166016,2254416,2345946,2440753,2540265,2644056,2751046,2861132,2974138,3090318,3209687
TGO,Total population,4970367,5111770,5251472,5391401,5534598,5683268,5837792,5997385,6161796,6330472,6502952,6679282,6859482,7042948,7228915,7416802,7606374,7797694
THA,Urban population,19760004,20682080,21614441,22556146,23510657,24476323,25456179,26445148,27444802,28453553,29475095,30184618,30831696,31477326,32116885,32745556,33362995,33966456
THA,Total population,62958021,63543322,64073164,64554952,65002231,65425470,65824164,66195615,66545760,66881867,67208808,67530130,67843979,68143065,68416772,68657600,68863514,69037513
TJK,Urban population,1647356,1676878,1708960,1743333,1779440,1817042,1855988,1896383,1938247,1981642,2026560,2072868,2122289,2174398,2229090,2286080,2345422,2407157
TJK,Total population,6216205,6327125,6447688,6576877,6712841,6854176,7000557,7152385,7309728,7472819,7641630,7815949,7995062,8177809,8362745,8548651,8734951,8921343
TKM,Urban population,2073491,2105730,2137289,2168970,2201755,2237154,2275564,2317260,2362651,2412430,2466839,2526235,2590460,2658507,2728802,2800284,2872495,2945428
TKM,Total population,4516131,4564080,4610002,4655741,4703398,4754641,4810105,4870137,4935762,5007950,5087210,5174061,5267839,5366277,5466241,5565284,5662544,5758075
TLA,Urban population,383463321,390866650,398052854,405179135,412270208,419400328,426597098,433844896,441111960,448362917,455599979,462818997,470001770,477138576,484226968,491250088,498197273,505064590
TLA,Total population,508826710,516120111,523270767,530331985,537377388,544459791,551595525,558768052,565956228,573125269,580246796,587315129,594330743,601277206,608136047,614891969,621534921,628059792
TLS,Urban population,211478,219732,230762,243509,256251,267307,276563,284444,291607,299094,307712,317720,328844,340849,353329,365964,378698,391641
TLS,Total population,871607,892531,923825,960852,996698,1026484,1048621,1064973,1078110,1092021,1109591,1131523,1156760,1184366,1212814,1240977,1268671,1296311
TMN,Urban population,153272481,157055276,160849426,164680803,168587017,172718648,177001835,181333367,185755044,190309457,195023033,199608665,204298573,209077319,213874810,218893881,223828626,228714362
TMN,Total population,278033137,283018341,287975628,292959567,298041669,303274818,308672973,314226665,319934461,325786717,331770455,337894992,344148796,350471538,356783315,363027163,369167489,375217005
TON,Urban population,22571,22721,22881,23049,23221,23396,23576,23774,23981,24176,24357,24516,24595,24628,24677,24756,24876,25027
TON,Total population,98082,98611,99184,99789,100406,101041,101689,102357,103005,103604,104137,104577,104951,105328,105782,106364,107122,108020
TSA,Urban population,379367784,390163245,402051534,414114900,426346839,438697706,451153827,463726940,476426047,489245225,502216508,515351934,528752754,542414615,556358756,570578360,585084689,599884600
TSA,Total population,1386625845,1412104373,1437568227,1462906674,1487975237,1512670560,1536943534,1560818860,1584359049,1607663899,1630806784,1653798614,1676615491,1699310450,1721847786,1744199944,1766393714,1788388852
TSS,Urban population,210202076,218745315,227710350,237052958,246799579,257023395,267616134,278288279,290102560,302425086,315308656,328747103,342594175,356950459,371834935,387237995,403154054,419598379
TSS,Total population,670649638,688615995,707099850,726140617,745788118,766080507,787035792,808660166,830965556,853953657,877628367,901989926,927039875,952734072,979017918,1005850049,1033212743,1061107721
TTO,Urban population,708866,708945,709583,710633,711795,712886,713849,714725,715589,716489,717506,718596,720044,721717,723475,725187,726842,728443
TTO,Total population,1267984,1272380,1277837,1284052,1290535,1296934,1303144,1309260,1315372,1321618,1328100,1334788,1341588,1348248,1354493,1360092,1364962,1369125
TUN,Urban population,6152395,6245039,6333095,6419541,6506432,6590556,6680916,6777068,6878521,6983973,7092259,7203511,7317800,7434276,7552449,7672403,7793664,7915883
TUN,Total population,9699197,9785701,9864326,9939678,10017601,10102482,10196136,10298087,10407336,10521834,10639931,10761467,10886668,11014558,11143908,11273661,11403248,11532127
TUR,Urban population,40942287,41942709,42977478,44014467,45046031,46065671,47068551,48059010,49062187,50109357,51225537,52415819,53670916,54969310,56291672,57616413,58945742,60271313
TUR,Total population,63240121,64191474,65143054,66085803,67007855,67903406,68763405,69597281,70440032,71339185,72326914,73409455,74569867,75787333,77030628,78271472,79512426,80745020
TUV,Urban population,4335,4416,4513,4655,4816,4983,5142,5300,5456,5615,5771,5931,6093,6255,6412,6571,6730,6886
TUV,Total population,9420,9512,9635,9767,9894,10027,10137,10243,10340,10441,10531,10628,10725,10819,10908,11001,11097,11192
TZA,Urban population,7624779,7962433,8320222,8771267,9265294,9791550,10352972,10950894,11586014,12255418,12960158,13699468,14476048,15290226,16142664,17035226,17968160,18942681
TZA,Total population,34178042,35117019,36105808,37149072,38249984,39410545,40634948,41923715,43270144,44664231,46098591,47570902,49082997,50636595,52234869,53879957,55572201,57310019
UGA,Urban population,3554447,3778192,4018702,4276212,4550722,4841052,5149203,5475391,5821091,6186678,6573770,6982934,7415300,7870510,8350721,8855958,9386237,9942492
UGA,Total population,24039274,24854892,25718048,26624820,27568436,28543940,29550662,30590487,31663896,32771895,33915133,35093648,36306796,37553726,38833338,40144870,41487965,42862958
UKR,Urban population,33019123,32707281,32432088,32238838,32075858,31932581,31801166,31694727,31605915,31547432,31465465,31395063,31359984,31330962,31223156,31183824,31122512,31043784
UKR,Total population,49175848,48683865,48202500,47812950,47451600,47105150,46787750,46509350,46258200,46053300,45870700,45706100,45593300,45489600,45271947,45154029,45004645,44831159
UMC,Urban population,1125659496,1155504446,1186613656,1218285827,1250419060,1283048551,1315487812,1347867353,1380790144,1414382550,1448413689,1481876606,1515496628,1549473032,1583697992,1617778940,1651965912,1686024522
UMC,Total population,2260805982,2280191396,2298541505,2316548374,2334313912,2352105140,2369650785,2386824787,2404283410,2422393813,2440543075,2459175685,2478491686,2498184210,2517979764,2537437057,2556921923,2576202556
URY,Urban population,3056475,3071016,3080486,3087122,3094002,3103428,3116291,3131976,3149708,3168018,3185920,3203207,3218073,3232254,3246688,3261519,3276765,3292209
URY,Total population,3321245,3327103,3327773,3325637,3324096,3325612,3331043,3339741,3350824,3362755,3374415,3385624,3396777,3408005,3419546,3431552,3444006,3456750
USA,Urban population,223069137,225792302,228400290,230876596,233532722,236200507,238999326,241795278,244607104,247276259,249858829,252257346,254708202,257095490,259623192,262196447,264746567,267278643
USA,Total population,282162411,284968955,287625193,290107933,292805298,295516599,298379912,301231207,304093966,306771529,309338421,311644280,313993272,316234505,318622525,321039839,323405935,325719178
UZB,Urban population,11370244,11634932,11900009,12162787,12428855,12700677,12984805,13301003,13648397,14014762,14554257,15007103,15199882,15408910,15640290,15884192,16130961,16371730
UZB,Total population,24650400,24964450,25271850,25567650,25864350,26167000,26488250,26868000,27302800,27767400,28562400,29339400,29774500,30243200,30757700,31298900,31847900,32387200
VCT,Urban population,48755,49186,49654,50148,50649,51144,51635,52118,52596,53063,53522,53966,54395,54828,55289,55783,56327,56909
VCT,Total population,107898,107988,108146,108350,108559,108744,108907,109047,109165,109253,109315,109341,109328,109320,109357,109455,109643,109897
VEN,Urban population,21441746,21917236,22328149,22738949,23149002,23557741,23965020,24370591,24773421,25173139,25568762,25959516,26342679,26720029,27094036,27464497,27832085,28198335
VEN,Total population,24488340,24948476,25408700,25868523,26327225,26784161,27239168,27691965,28141701,28587323,29028033,29463291,29893080,30317848,30738378,31155134,31568179,31977065
VGB,Urban population,8624,8866,9113,9375,9672,10011,10403,10840,11305,11763,12200,12598,12972,13324,13674,14028,14397,14767
VGB,Total population,20645,21085,21529,22000,22541,23168,23905,24731,25604,26447,27224,27901,28509,29056,29588,30113,30661,31196
VIR,Urban population,100587,100749,100953,101183,101374,101582,101718,101896,102154,102355,102500,102619,102694,102717,102720,102701,102651,102551
VIR,Total population,108642,108549,108510,108506,108467,108454,108371,108339,108399,108405,108358,108292,108191,108044,107884,107710,107510,107268
VNM,Urban population,19568803,20233862,20907922,21590520,22287690,23000295,23731187,24481969,25256248,26061216,26910684,27796909,28720281,29671797,30646249,31635611,32635787,33642782
VNM,Total population,80285562,81139919,81956496,82747662,83527678,84308843,85094617,85889590,86707801,87565407,88472512,89436644,90451881,91497725,92544915,93571567,94569072,95540800
VUT,Urban population,40109,41555,43126,44809,46563,48362,50207,52100,54048,56048,57802,59406,61032,62680,64353,66048,67768,69511
VUT,Total population,185063,189290,193956,198964,204143,209370,214634,219953,225340,230785,236295,241871,247485,253142,258850,264603,270402,276244
WLD,Urban population,2858130756,2923079567,2991628819,3061267131,3132261863,3204583153,3277558354,3351069648,3426964053,3503454963,3580569790,3655009162,3730938916,3808101888,3886498272,3966059373,4046606978,4127612962
WLD,Total population,6121682736,6201340258,6280530065,6359899296,6439825381,6520298763,6601476541,6683223772,6766296679,6849569339,6932869743,7014983968,7099557649,7185137526,7271322821,7357559450,7444157356,7530360149
WSM,Urban population,38374,38744,38744,38549,38361,38177,37995,37824,37667,37520,37386,37265,37127,36978,36822,36648,36451,36247
WSM,Total population,174610,175566,176582,177662,178781,179929,181094,182286,183526,184826,186205,187665,189194,190757,192290,193759,195125,196440
XKX,Urban population,NA,NA,NA,NA,NA,NA,NA,NA,NA,NA,NA,NA,NA,NA,NA,NA,NA,NA
XKX,Total population,1700000,1701154,1702310,1703466,1704622,1705780,1719536,1733404,1747383,1761474,1775680,1791000,1805200,1824100,1821800,1801800,1816200,1830700
YEM,Urban population,4695154,4926165,5167774,5419996,5682846,5955876,6240241,6536575,6845303,7166799,7501290,7848984,8209828,8583158,8967058,9360649,9763156,10174671
YEM,Total population,17874725,18390135,18919179,19462086,20017068,20582927,21160534,21751605,22356391,22974929,23606779,24252206,24909969,25576322,26246327,26916207,27584213,28250420
ZAF,Urban population,26015296,26610150,27227214,27848775,28462586,29065824,29656760,30239614,30829033,31442368,32094946,32793266,33533029,34299835,35075489,35844195,36601070,37348247
ZAF,Total population,45728315,46385006,47026173,47648727,48247395,48820586,49364582,49887181,50412129,50970818,51584663,52263516,52998213,53767396,54539571,55291225,56015473,56717156
ZMB,Urban population,3665076,3788660,3944965,4106317,4273875,4448571,4630790,4820726,5019893,5229298,5450680,5684648,5932013,6192359,6464271,6747273,7041054,7346373
ZMB,Total population,10531221,10824125,11120409,11421984,11731746,12052156,12383446,12725974,13082517,13456417,13850033,14264756,14699937,15153210,15620974,16100587,16591390,17094130
ZWE,Urban population,4125987,4225519,4323307,4356041,4381920,4413845,4452539,4497911,4550222,4609702,4676094,4749752,4830153,4915898,5009411,5109528,5215921,5328745
ZWE,Total population,12222251,12366165,12500525,12633897,12777511,12940032,13124267,13329909,13558469,13810599,14086317,14386649,14710826,15054506,15411675,15777451,16150362,16529904
